{"v":"5.5.7","meta":{"g":"LottieFiles AE 0.1.20","a":"Nick Abrams","k":"human, person, move, motion, active, action, run, running, sprint, sprinter, fitness, exercise, exercising, health, healthy","d":"A person runs with speed lines","tc":""},"fr":30,"ip":0,"op":61,"w":100,"h":100,"nm":"Move-Fitness","ddd":0,"assets":[],"layers":[{"ddd":0,"ind":1,"ty":3,"nm":"Global Null","sr":1,"ks":{"o":{"a":0,"k":0,"ix":11},"r":{"a":0,"k":0,"ix":10},"p":{"a":0,"k":[50,50,0],"ix":2},"a":{"a":0,"k":[50,50,0],"ix":1},"s":{"a":1,"k":[{"i":{"x":[0.353,0.353,0.1],"y":[1.007,1.007,1]},"o":{"x":[0.367,0.367,0.9],"y":[0,0,0]},"t":6,"s":[100,100,100]},{"t":36,"s":[140,140,100]}],"ix":6}},"ao":0,"ip":0,"op":120,"st":0,"bm":0},{"ddd":0,"ind":2,"ty":4,"nm":"head","parent":9,"sr":1,"ks":{"o":{"a":0,"k":100,"ix":11},"r":{"a":1,"k":[{"i":{"x":[0.353],"y":[1.01]},"o":{"x":[0.367],"y":[0]},"t":0,"s":[0]},{"t":36,"s":[10]}],"ix":10},"p":{"a":0,"k":[-0.754,-27.872,0],"ix":2},"a":{"a":0,"k":[0.125,6.125,0],"ix":1},"s":{"a":0,"k":[100,100,100],"ix":6}},"ao":0,"shapes":[{"ty":"gr","it":[{"ind":0,"ty":"sh","ix":1,"ks":{"a":0,"k":{"i":[[-2.633,0],[0,0],[0,2.633],[0,0],[2.633,0],[0,0],[0,-2.633],[0,0]],"o":[[0,0],[2.633,0],[0,0],[0,-2.633],[0,0],[-2.633,0],[0,0],[0,2.633]],"v":[[-0.089,5.926],[0.089,5.926],[4.857,1.158],[4.857,-1.158],[0.089,-5.926],[-0.089,-5.926],[-4.857,-1.158],[-4.857,1.158]],"c":true},"ix":2},"nm":"Path 1","mn":"ADBE Vector Shape - Group","hd":false},{"ty":"st","c":{"a":0,"k":[0,0,0,1],"ix":3},"o":{"a":0,"k":100,"ix":4},"w":{"a":0,"k":1,"ix":5},"lc":1,"lj":1,"ml":10,"bm":0,"nm":"Stroke 1","mn":"ADBE Vector Graphic - Stroke","hd":false},{"ty":"tr","p":{"a":0,"k":[0,0],"ix":2},"a":{"a":0,"k":[0,0],"ix":1},"s":{"a":0,"k":[100,100],"ix":3},"r":{"a":0,"k":0,"ix":6},"o":{"a":0,"k":100,"ix":7},"sk":{"a":0,"k":0,"ix":4},"sa":{"a":0,"k":0,"ix":5},"nm":"Transform"}],"nm":"Group 1","np":2,"cix":2,"bm":0,"ix":1,"mn":"ADBE Vector Group","hd":false}],"ip":0,"op":120,"st":0,"bm":0},{"ddd":0,"ind":3,"ty":4,"nm":"Speed line 5","parent":9,"sr":1,"ks":{"o":{"a":0,"k":100,"ix":11},"r":{"a":0,"k":0,"ix":10},"p":{"a":0,"k":[-23.042,5.727,0],"ix":2},"a":{"a":0,"k":[0,0,0],"ix":1},"s":{"a":0,"k":[100,100,100],"ix":6}},"ao":0,"shapes":[{"ty":"gr","it":[{"ind":0,"ty":"sh","ix":1,"ks":{"a":0,"k":{"i":[[0,0],[0,0]],"o":[[0,0],[0,0]],"v":[[6.565,-3.422],[-6.565,3.422]],"c":false},"ix":2},"nm":"Path 1","mn":"ADBE Vector Shape - Group","hd":false},{"ty":"st","c":{"a":0,"k":[0,0,0,1],"ix":3},"o":{"a":0,"k":100,"ix":4},"w":{"a":0,"k":1,"ix":5},"lc":2,"lj":2,"bm":0,"nm":"Stroke 1","mn":"ADBE Vector Graphic - Stroke","hd":false},{"ty":"tm","s":{"a":0,"k":0,"ix":1},"e":{"a":1,"k":[{"i":{"x":[0.1],"y":[1]},"o":{"x":[0.9],"y":[0]},"t":17.899,"s":[0]},{"t":29.099609375,"s":[100]}],"ix":2},"o":{"a":0,"k":0,"ix":3},"m":1,"ix":3,"nm":"Trim Paths 1","mn":"ADBE Vector Filter - Trim","hd":false},{"ty":"tr","p":{"a":0,"k":[0,0],"ix":2},"a":{"a":0,"k":[0,0],"ix":1},"s":{"a":0,"k":[100,100],"ix":3},"r":{"a":0,"k":0,"ix":6},"o":{"a":0,"k":100,"ix":7},"sk":{"a":0,"k":0,"ix":4},"sa":{"a":0,"k":0,"ix":5},"nm":"Transform"}],"nm":"Group 1","np":3,"cix":2,"bm":0,"ix":1,"mn":"ADBE Vector Group","hd":false}],"ip":0,"op":120,"st":0,"bm":0},{"ddd":0,"ind":4,"ty":4,"nm":"Speed line","parent":9,"sr":1,"ks":{"o":{"a":0,"k":100,"ix":11},"r":{"a":0,"k":0,"ix":10},"p":{"a":0,"k":[-23.042,5.727,0],"ix":2},"a":{"a":0,"k":[0,0,0],"ix":1},"s":{"a":0,"k":[100,100,100],"ix":6}},"ao":0,"shapes":[{"ty":"gr","it":[{"ind":0,"ty":"sh","ix":1,"ks":{"a":0,"k":{"i":[[0,0],[0,0]],"o":[[0,0],[0,0]],"v":[[6.565,-3.422],[-6.565,3.422]],"c":false},"ix":2},"nm":"Path 1","mn":"ADBE Vector Shape - Group","hd":false},{"ty":"st","c":{"a":0,"k":[0,0,0,1],"ix":3},"o":{"a":0,"k":100,"ix":4},"w":{"a":0,"k":1,"ix":5},"lc":2,"lj":2,"bm":0,"nm":"Stroke 1","mn":"ADBE Vector Graphic - Stroke","hd":false},{"ty":"tm","s":{"a":1,"k":[{"i":{"x":[0.1],"y":[1]},"o":{"x":[0.9],"y":[0]},"t":6.899,"s":[0]},{"t":18.7998046875,"s":[100]}],"ix":1},"e":{"a":0,"k":100,"ix":2},"o":{"a":0,"k":0,"ix":3},"m":1,"ix":3,"nm":"Trim Paths 1","mn":"ADBE Vector Filter - Trim","hd":false},{"ty":"tr","p":{"a":0,"k":[0,0],"ix":2},"a":{"a":0,"k":[0,0],"ix":1},"s":{"a":0,"k":[100,100],"ix":3},"r":{"a":0,"k":0,"ix":6},"o":{"a":0,"k":100,"ix":7},"sk":{"a":0,"k":0,"ix":4},"sa":{"a":0,"k":0,"ix":5},"nm":"Transform"}],"nm":"Group 1","np":3,"cix":2,"bm":0,"ix":1,"mn":"ADBE Vector Group","hd":false}],"ip":0,"op":120,"st":0,"bm":0},{"ddd":0,"ind":5,"ty":4,"nm":"Speed line 4","parent":9,"sr":1,"ks":{"o":{"a":0,"k":100,"ix":11},"r":{"a":0,"k":0,"ix":10},"p":{"a":0,"k":[-27.121,15.25,0],"ix":2},"a":{"a":0,"k":[0,0,0],"ix":1},"s":{"a":0,"k":[100,100,100],"ix":6}},"ao":0,"shapes":[{"ty":"gr","it":[{"ind":0,"ty":"sh","ix":1,"ks":{"a":0,"k":{"i":[[0,0],[0,0]],"o":[[0,0],[0,0]],"v":[[10.644,-5.548],[-10.644,5.548]],"c":false},"ix":2},"nm":"Path 1","mn":"ADBE Vector Shape - Group","hd":false},{"ty":"st","c":{"a":0,"k":[0,0,0,1],"ix":3},"o":{"a":0,"k":100,"ix":4},"w":{"a":0,"k":1,"ix":5},"lc":2,"lj":2,"bm":0,"nm":"Stroke 1","mn":"ADBE Vector Graphic - Stroke","hd":false},{"ty":"tm","s":{"a":0,"k":0,"ix":1},"e":{"a":1,"k":[{"i":{"x":[0.1],"y":[1]},"o":{"x":[0.9],"y":[0]},"t":15.1,"s":[0]},{"t":26.2998046875,"s":[100]}],"ix":2},"o":{"a":0,"k":0,"ix":3},"m":1,"ix":3,"nm":"Trim Paths 1","mn":"ADBE Vector Filter - Trim","hd":false},{"ty":"tr","p":{"a":0,"k":[0,0],"ix":2},"a":{"a":0,"k":[0,0],"ix":1},"s":{"a":0,"k":[100,100],"ix":3},"r":{"a":0,"k":0,"ix":6},"o":{"a":0,"k":100,"ix":7},"sk":{"a":0,"k":0,"ix":4},"sa":{"a":0,"k":0,"ix":5},"nm":"Transform"}],"nm":"Group 1","np":3,"cix":2,"bm":0,"ix":1,"mn":"ADBE Vector Group","hd":false}],"ip":0,"op":120,"st":0,"bm":0},{"ddd":0,"ind":6,"ty":4,"nm":"Speed line","parent":9,"sr":1,"ks":{"o":{"a":0,"k":100,"ix":11},"r":{"a":0,"k":0,"ix":10},"p":{"a":0,"k":[-27.121,15.25,0],"ix":2},"a":{"a":0,"k":[0,0,0],"ix":1},"s":{"a":0,"k":[100,100,100],"ix":6}},"ao":0,"shapes":[{"ty":"gr","it":[{"ind":0,"ty":"sh","ix":1,"ks":{"a":0,"k":{"i":[[0,0],[0,0]],"o":[[0,0],[0,0]],"v":[[10.644,-5.548],[-10.644,5.548]],"c":false},"ix":2},"nm":"Path 1","mn":"ADBE Vector Shape - Group","hd":false},{"ty":"st","c":{"a":0,"k":[0,0,0,1],"ix":3},"o":{"a":0,"k":100,"ix":4},"w":{"a":0,"k":1,"ix":5},"lc":2,"lj":2,"bm":0,"nm":"Stroke 1","mn":"ADBE Vector Graphic - Stroke","hd":false},{"ty":"tr","p":{"a":0,"k":[0,0],"ix":2},"a":{"a":0,"k":[0,0],"ix":1},"s":{"a":0,"k":[100,100],"ix":3},"r":{"a":0,"k":0,"ix":6},"o":{"a":0,"k":100,"ix":7},"sk":{"a":0,"k":0,"ix":4},"sa":{"a":0,"k":0,"ix":5},"nm":"Transform"}],"nm":"Group 1","np":2,"cix":2,"bm":0,"ix":1,"mn":"ADBE Vector Group","hd":false},{"ty":"tm","s":{"a":1,"k":[{"i":{"x":[0.1],"y":[1]},"o":{"x":[0.9],"y":[0]},"t":4.1,"s":[0]},{"t":16,"s":[100]}],"ix":1},"e":{"a":0,"k":100,"ix":2},"o":{"a":0,"k":0,"ix":3},"m":1,"ix":2,"nm":"Trim Paths 1","mn":"ADBE Vector Filter - Trim","hd":false}],"ip":0,"op":120,"st":0,"bm":0},{"ddd":0,"ind":7,"ty":4,"nm":"Speed line 3","parent":9,"sr":1,"ks":{"o":{"a":0,"k":100,"ix":11},"r":{"a":0,"k":0,"ix":10},"p":{"a":0,"k":[12.772,-8.846,0],"ix":2},"a":{"a":0,"k":[0,0,0],"ix":1},"s":{"a":0,"k":[100,100,100],"ix":6}},"ao":0,"shapes":[{"ty":"gr","it":[{"ind":0,"ty":"sh","ix":1,"ks":{"a":0,"k":{"i":[[0,0],[0,0]],"o":[[0,0],[0,0]],"v":[[4.922,-2.565],[-4.922,2.565]],"c":false},"ix":2},"nm":"Path 1","mn":"ADBE Vector Shape - Group","hd":false},{"ty":"tm","s":{"a":0,"k":0,"ix":1},"e":{"a":1,"k":[{"i":{"x":[0.1],"y":[1]},"o":{"x":[0.9],"y":[0]},"t":11.899,"s":[0]},{"t":23.099609375,"s":[100]}],"ix":2},"o":{"a":0,"k":0,"ix":3},"m":1,"ix":2,"nm":"Trim Paths 1","mn":"ADBE Vector Filter - Trim","hd":false},{"ty":"st","c":{"a":0,"k":[0,0,0,1],"ix":3},"o":{"a":0,"k":100,"ix":4},"w":{"a":0,"k":1,"ix":5},"lc":2,"lj":2,"bm":0,"nm":"Stroke 1","mn":"ADBE Vector Graphic - Stroke","hd":false},{"ty":"tr","p":{"a":0,"k":[0,0],"ix":2},"a":{"a":0,"k":[0,0],"ix":1},"s":{"a":0,"k":[100,100],"ix":3},"r":{"a":0,"k":0,"ix":6},"o":{"a":0,"k":100,"ix":7},"sk":{"a":0,"k":0,"ix":4},"sa":{"a":0,"k":0,"ix":5},"nm":"Transform"}],"nm":"Group 1","np":3,"cix":2,"bm":0,"ix":1,"mn":"ADBE Vector Group","hd":false},{"ty":"gr","it":[{"ty":"tm","s":{"a":1,"k":[{"i":{"x":[0.1],"y":[1]},"o":{"x":[0.9],"y":[0]},"t":2.1,"s":[0]},{"t":14,"s":[100]}],"ix":1},"e":{"a":0,"k":100,"ix":2},"o":{"a":0,"k":0,"ix":3},"m":1,"ix":1,"nm":"Trim Paths 1","mn":"ADBE Vector Filter - Trim","hd":false},{"ty":"tr","p":{"a":0,"k":[0,0],"ix":2},"a":{"a":0,"k":[0,0],"ix":1},"s":{"a":0,"k":[100,100],"ix":3},"r":{"a":0,"k":0,"ix":6},"o":{"a":0,"k":100,"ix":7},"sk":{"a":0,"k":0,"ix":4},"sa":{"a":0,"k":0,"ix":5},"nm":"Transform"}],"nm":"Group 2","np":1,"cix":2,"bm":0,"ix":2,"mn":"ADBE Vector Group","hd":false}],"ip":0,"op":120,"st":0,"bm":0},{"ddd":0,"ind":8,"ty":4,"nm":"Speed line 2","parent":9,"sr":1,"ks":{"o":{"a":0,"k":100,"ix":11},"r":{"a":0,"k":0,"ix":10},"p":{"a":0,"k":[12.772,-8.846,0],"ix":2},"a":{"a":0,"k":[0,0,0],"ix":1},"s":{"a":0,"k":[100,100,100],"ix":6}},"ao":0,"shapes":[{"ty":"gr","it":[{"ind":0,"ty":"sh","ix":1,"ks":{"a":0,"k":{"i":[[0,0],[0,0]],"o":[[0,0],[0,0]],"v":[[4.922,-2.565],[-4.922,2.565]],"c":false},"ix":2},"nm":"Path 1","mn":"ADBE Vector Shape - Group","hd":false},{"ty":"tm","s":{"a":1,"k":[{"i":{"x":[0.1],"y":[1]},"o":{"x":[0.9],"y":[0]},"t":2.1,"s":[0]},{"t":14,"s":[100]}],"ix":1},"e":{"a":0,"k":100,"ix":2},"o":{"a":0,"k":0,"ix":3},"m":1,"ix":2,"nm":"Trim Paths 1","mn":"ADBE Vector Filter - Trim","hd":false},{"ty":"st","c":{"a":0,"k":[0,0,0,1],"ix":3},"o":{"a":0,"k":100,"ix":4},"w":{"a":0,"k":1,"ix":5},"lc":2,"lj":2,"bm":0,"nm":"Stroke 1","mn":"ADBE Vector Graphic - Stroke","hd":false},{"ty":"tr","p":{"a":0,"k":[0,0],"ix":2},"a":{"a":0,"k":[0,0],"ix":1},"s":{"a":0,"k":[100,100],"ix":3},"r":{"a":0,"k":0,"ix":6},"o":{"a":0,"k":100,"ix":7},"sk":{"a":0,"k":0,"ix":4},"sa":{"a":0,"k":0,"ix":5},"nm":"Transform"}],"nm":"Group 1","np":3,"cix":2,"bm":0,"ix":1,"mn":"ADBE Vector Group","hd":false}],"ip":0,"op":120,"st":0,"bm":0},{"ddd":0,"ind":9,"ty":4,"nm":"Body","parent":1,"sr":1,"ks":{"o":{"a":0,"k":100,"ix":11},"r":{"a":1,"k":[{"i":{"x":[0.353],"y":[1.01]},"o":{"x":[0.367],"y":[0]},"t":0,"s":[0]},{"t":36,"s":[3]}],"ix":10},"p":{"a":0,"k":[55.278,56.543,0],"ix":2},"a":{"a":0,"k":[0,0,0],"ix":1},"s":{"a":0,"k":[100,100,100],"ix":6}},"ao":0,"shapes":[{"ty":"gr","it":[{"ty":"gr","it":[{"ind":0,"ty":"sh","ix":1,"ks":{"a":1,"k":[{"i":{"x":0.353,"y":0.99},"o":{"x":0.367,"y":0},"t":0,"s":[{"i":[[0.74,-0.75],[0.24,-0.11],[0,0],[1.12,0.26],[0,0],[0.1,-0.07],[0,-1.77],[0,0],[0.2,-0.99],[1.08,-2.46],[0.69,-1.22],[0.56,-0.31],[0,0],[1.05,1.35],[0.03,0.07],[-1.79,1.14],[0,0],[-0.27,0.71],[0,0],[-0.22,-0.07],[0.18,0.08],[0.03,0.02],[0.01,0.01],[0,2.89],[-0.06,0.99],[-2.48,1.08],[-5.39,0],[-0.49,-0.17],[-0.07,-0.03],[0,0],[-1.04,0.59],[0,0],[-0.68,-1.14]],"o":[[-0.15,0.17],[0,0],[-0.96,0.6],[0,0],[-0.09,0.08],[-1.46,1.09],[0,1.44],[0,0.87],[-0.5,2.49],[-1.25,2.81],[-0.3,0.55],[0,0],[-1.69,1.06],[-0.06,-0.07],[-0.98,-1.53],[0,0],[0.67,-0.39],[0,0],[0.15,0.09],[-0.19,-0.07],[-0.03,-0.02],[-0.01,0],[-2.47,-1.29],[0,0],[0.26,-4.64],[2.25,-0.98],[0.54,0],[0.07,0.01],[0,0],[1.14,0.36],[0,0],[1.18,-0.67],[0.57,0.92]],"v":[[26.531,-22.709],[25.971,-22.269],[15.671,-15.849],[12.411,-15.319],[5.831,-16.859],[5.551,-16.619],[3.391,-12.129],[3.521,-2.079],[3.211,0.741],[0.591,8.431],[-2.669,14.881],[-3.989,16.191],[-21.739,26.031],[-26.619,25.491],[-26.749,25.291],[-25.309,20.491],[-11.739,12.591],[-10.279,10.891],[-7.999,5.001],[-7.999,4.991],[-7.999,4.991],[-8.089,4.941],[-8.129,4.921],[-12.259,-1.769],[-12.049,-15.459],[-8.359,-23.409],[2.791,-24.409],[4.331,-24.139],[4.551,-24.069],[12.381,-21.629],[15.801,-21.989],[23.501,-26.359],[26.871,-25.509]],"c":true}]},{"t":36,"s":[{"i":[[0.74,-0.75],[0.24,-0.11],[0,0],[1.12,0.26],[0,0],[0.1,-0.07],[0,-1.77],[0,0],[0.2,-0.99],[1.08,-2.46],[0.69,-1.22],[0.56,-0.31],[0,0],[1.05,1.35],[0.03,0.07],[-1.79,1.14],[0,0],[-0.27,0.71],[0,0],[-0.22,-0.07],[0.18,0.08],[0.03,0.02],[0.01,0.01],[0,2.89],[-0.06,0.99],[-2.48,1.08],[-5.39,0],[-0.49,-0.17],[-0.07,-0.03],[0,0],[-1.04,0.59],[0,0],[-0.68,-1.14]],"o":[[-0.15,0.17],[0,0],[-0.96,0.6],[0,0],[-0.09,0.08],[-1.46,1.09],[0,1.44],[0,0.87],[-0.5,2.49],[-1.25,2.81],[-0.3,0.55],[0,0],[-1.69,1.06],[-0.06,-0.07],[-0.98,-1.53],[0,0],[0.67,-0.39],[0,0],[0.15,0.09],[-0.19,-0.07],[-0.03,-0.02],[-0.01,0],[-2.47,-1.29],[0,0],[0.26,-4.64],[2.25,-0.98],[0.54,0],[0.07,0.01],[0,0],[1.14,0.36],[0,0],[1.18,-0.67],[0.57,0.92]],"v":[[24.842,-25.693],[24.282,-25.253],[14.564,-18.05],[11.304,-17.52],[5.831,-16.859],[5.551,-16.619],[3.391,-12.129],[3.521,-2.079],[3.211,0.741],[0.591,8.431],[-4.11,15.127],[-5.43,16.437],[-21.632,26.821],[-26.512,26.281],[-26.642,26.081],[-25.202,21.281],[-13.18,12.837],[-11.72,11.137],[-7.999,5.001],[-7.999,4.991],[-7.999,4.991],[-8.089,4.941],[-8.129,4.921],[-12.259,-1.769],[-12.049,-15.459],[-8.359,-23.409],[2.791,-24.409],[4.331,-24.139],[4.551,-24.069],[11.274,-23.83],[14.694,-24.19],[21.812,-29.343],[25.182,-28.493]],"c":true}]}],"ix":2},"nm":"Path 1","mn":"ADBE Vector Shape - Group","hd":false},{"ty":"st","c":{"a":0,"k":[0,0,0,1],"ix":3},"o":{"a":0,"k":100,"ix":4},"w":{"a":0,"k":1,"ix":5},"lc":1,"lj":2,"bm":0,"nm":"Stroke 1","mn":"ADBE Vector Graphic - Stroke","hd":false},{"ty":"fl","c":{"a":0,"k":[1,1,1,1],"ix":4},"o":{"a":0,"k":100,"ix":5},"r":1,"bm":0,"nm":"Fill 1","mn":"ADBE Vector Graphic - Fill","hd":false},{"ty":"tr","p":{"a":0,"k":[0,0],"ix":2},"a":{"a":0,"k":[0,0],"ix":1},"s":{"a":0,"k":[100,100],"ix":3},"r":{"a":0,"k":0,"ix":6},"o":{"a":0,"k":100,"ix":7},"sk":{"a":0,"k":0,"ix":4},"sa":{"a":0,"k":0,"ix":5},"nm":"Transform"}],"nm":"Group 1","np":3,"cix":2,"bm":0,"ix":1,"mn":"ADBE Vector Group","hd":false},{"ty":"tr","p":{"a":0,"k":[50.278,51.543],"ix":2},"a":{"a":0,"k":[50.278,51.543],"ix":1},"s":{"a":0,"k":[100,100],"ix":3},"r":{"a":0,"k":0,"ix":6},"o":{"a":0,"k":100,"ix":7},"sk":{"a":0,"k":0,"ix":4},"sa":{"a":0,"k":0,"ix":5},"nm":"Transform"}],"nm":"Group 1","np":1,"cix":2,"bm":0,"ix":1,"mn":"ADBE Vector Group","hd":false}],"ip":0,"op":120,"st":0,"bm":0},{"ddd":0,"ind":10,"ty":4,"nm":"Back arm","parent":9,"sr":1,"ks":{"o":{"a":0,"k":100,"ix":11},"r":{"a":1,"k":[{"i":{"x":[0.353],"y":[1.01]},"o":{"x":[0.367],"y":[0]},"t":0,"s":[-10]},{"t":36,"s":[16]}],"ix":10},"p":{"a":0,"k":[-8.677,-22.583,0],"ix":2},"a":{"a":0,"k":[10.25,-8,0],"ix":1},"s":{"a":0,"k":[100,100,100],"ix":6}},"ao":0,"shapes":[{"ty":"gr","it":[{"ty":"gr","it":[{"ind":0,"ty":"sh","ix":1,"ks":{"a":0,"k":{"i":[[0,0],[0.26,-4.64],[0,0],[0.53,-0.68],[0,0],[1.17,0.67],[-0.25,1],[-0.15,0.2],[0,0],[-0.86,0.26]],"o":[[0,0],[0,0],[-0.86,0.2],[0,0],[-0.7,1.12],[-0.96,-0.54],[0.06,-0.22],[0,0],[0.48,-0.73],[0,0]],"v":[[10.568,-8.826],[10.568,-0.876],[0.518,0.534],[-1.642,1.894],[-6.102,7.664],[-9.482,8.494],[-10.612,5.884],[-10.332,5.254],[-4.652,-3.426],[-2.582,-4.956]],"c":true},"ix":2},"nm":"Path 1","mn":"ADBE Vector Shape - Group","hd":false},{"ty":"st","c":{"a":0,"k":[0,0,0,1],"ix":3},"o":{"a":0,"k":100,"ix":4},"w":{"a":0,"k":1,"ix":5},"lc":1,"lj":2,"bm":0,"nm":"Stroke 1","mn":"ADBE Vector Graphic - Stroke","hd":false},{"ty":"tr","p":{"a":0,"k":[0,0],"ix":2},"a":{"a":0,"k":[0,0],"ix":1},"s":{"a":0,"k":[100,100],"ix":3},"r":{"a":0,"k":0,"ix":6},"o":{"a":0,"k":100,"ix":7},"sk":{"a":0,"k":0,"ix":4},"sa":{"a":0,"k":0,"ix":5},"nm":"Transform"}],"nm":"Group 1","np":2,"cix":2,"bm":0,"ix":1,"mn":"ADBE Vector Group","hd":false},{"ty":"tr","p":{"a":0,"k":[31.351,36.96],"ix":2},"a":{"a":0,"k":[31.351,36.96],"ix":1},"s":{"a":0,"k":[100,100],"ix":3},"r":{"a":0,"k":0,"ix":6},"o":{"a":0,"k":100,"ix":7},"sk":{"a":0,"k":0,"ix":4},"sa":{"a":0,"k":0,"ix":5},"nm":"Transform"}],"nm":"Group 1","np":1,"cix":2,"bm":0,"ix":1,"mn":"ADBE Vector Group","hd":false}],"ip":0,"op":120,"st":0,"bm":0},{"ddd":0,"ind":11,"ty":4,"nm":"Back legy","parent":9,"sr":1,"ks":{"o":{"a":0,"k":100,"ix":11},"r":{"a":1,"k":[{"i":{"x":[0.353],"y":[1.008]},"o":{"x":[0.367],"y":[0]},"t":0,"s":[0]},{"t":36,"s":[-21]}],"ix":10},"p":{"a":0,"k":[-3.02,6.649,0],"ix":2},"a":{"a":0,"k":[-12.125,-6.375,0],"ix":1},"s":{"a":0,"k":[100,100,100],"ix":6}},"ao":0,"shapes":[{"ty":"gr","it":[{"ty":"gr","it":[{"ind":0,"ty":"sh","ix":1,"ks":{"a":0,"k":{"i":[[1.55,-0.81],[0.06,-0.02],[0.78,1.64],[0,0],[1.01,0.4],[0,0],[-0.5,2.49],[0,0],[-0.36,-1],[0,0]],"o":[[-0.07,0.04],[-1.71,0.76],[0,0],[-0.42,-0.97],[0,0],[1.08,-2.46],[0,0],[0.98,0.46],[0,0],[0.74,1.54]],"v":[[10.855,13.408],[10.655,13.508],[6.155,11.917],[1.145,0.477],[-1.095,-1.662],[-12.604,-6.122],[-9.984,-13.812],[5.115,-7.152],[7.215,-4.872],[12.295,9.198]],"c":true},"ix":2},"nm":"Path 1","mn":"ADBE Vector Shape - Group","hd":false},{"ty":"st","c":{"a":0,"k":[0,0,0,1],"ix":3},"o":{"a":0,"k":100,"ix":4},"w":{"a":0,"k":1,"ix":5},"lc":1,"lj":2,"bm":0,"nm":"Stroke 1","mn":"ADBE Vector Graphic - Stroke","hd":false},{"ty":"tr","p":{"a":0,"k":[0,0],"ix":2},"a":{"a":0,"k":[0,0],"ix":1},"s":{"a":0,"k":[100,100],"ix":3},"r":{"a":0,"k":0,"ix":6},"o":{"a":0,"k":100,"ix":7},"sk":{"a":0,"k":0,"ix":4},"sa":{"a":0,"k":0,"ix":5},"nm":"Transform"}],"nm":"Group 1","np":2,"cix":2,"bm":0,"ix":1,"mn":"ADBE Vector Group","hd":false},{"ty":"tr","p":{"a":0,"k":[59.383,64.567],"ix":2},"a":{"a":0,"k":[59.383,64.567],"ix":1},"s":{"a":0,"k":[100,100],"ix":3},"r":{"a":0,"k":0,"ix":6},"o":{"a":0,"k":100,"ix":7},"sk":{"a":0,"k":0,"ix":4},"sa":{"a":0,"k":0,"ix":5},"nm":"Transform"}],"nm":"Group 1","np":1,"cix":2,"bm":0,"ix":1,"mn":"ADBE Vector Group","hd":false}],"ip":0,"op":120,"st":0,"bm":0}],"markers":[]}