{"v":"4.8.0","meta":{"g":"LottieFiles AE 1.0.0","a":"","k":"","d":"","tc":""},"fr":29.9700012207031,"ip":0,"op":30.0000012219251,"w":600,"h":600,"nm":"home icon","ddd":0,"assets":[],"layers":[{"ddd":0,"ind":1,"ty":4,"nm":"home/home-icon Outlines","sr":1,"ks":{"o":{"a":0,"k":100,"ix":11},"r":{"a":0,"k":0,"ix":10},"p":{"a":0,"k":[300,300,0],"ix":2},"a":{"a":0,"k":[162.5,174,0],"ix":1},"s":{"a":0,"k":[80,80,100],"ix":6}},"ao":0,"shapes":[{"ty":"gr","it":[{"ind":0,"ty":"sh","ix":1,"ks":{"a":0,"k":{"i":[[0,0]],"o":[[0,0]],"v":[[292.5,344]],"c":false},"ix":2},"nm":"Path 1","mn":"ADBE Vector Shape - Group","hd":false},{"ty":"st","c":{"a":0,"k":[0.23921568627450981,0.8588235294117647,0.5176470588235295,1],"ix":3},"o":{"a":0,"k":100,"ix":4},"w":{"a":0,"k":6,"ix":5},"lc":1,"lj":1,"ml":4,"bm":0,"nm":"Stroke 1","mn":"ADBE Vector Graphic - Stroke","hd":false},{"ty":"fl","c":{"a":0,"k":[0.23921568627450981,0.8588235294117647,0.5176470588235295,1],"ix":4},"o":{"a":0,"k":100,"ix":5},"r":1,"bm":0,"nm":"Fill 1","mn":"ADBE Vector Graphic - Fill","hd":false},{"ty":"tr","p":{"a":0,"k":[0,0],"ix":2},"a":{"a":0,"k":[0,0],"ix":1},"s":{"a":0,"k":[100,100],"ix":3},"r":{"a":0,"k":0,"ix":6},"o":{"a":0,"k":100,"ix":7},"sk":{"a":0,"k":0,"ix":4},"sa":{"a":0,"k":0,"ix":5},"nm":"Transform"}],"nm":"Shape 1","np":3,"cix":2,"bm":0,"ix":1,"mn":"ADBE Vector Group","hd":false},{"ty":"gr","it":[{"ind":0,"ty":"sh","ix":1,"ks":{"a":1,"k":[{"i":{"x":1,"y":1},"o":{"x":0.333,"y":0},"t":4,"s":[{"i":[[0,0],[0,0],[23.04,0],[0,0],[0,0],[0,0],[0,0],[0,0],[0,17.275],[0,0],[0,0]],"o":[[0,0],[0,17.275],[0,0],[0,0],[0,0],[0,0],[0,0],[-23.04,0],[0,0],[0,0],[0,0]],"v":[[161.834,-41.581],[161.834,142.069],[120.114,173.348],[46.984,173.348],[46.984,59.979],[-46.976,59.979],[-46.976,173.348],[-120.116,173.348],[-161.835,142.069],[-161.835,-41.581],[0.004,-173.348]],"c":true}]},{"i":{"x":0.667,"y":1},"o":{"x":0,"y":0},"t":10,"s":[{"i":[[0,0],[0,0],[12.301,-14.947],[0,0],[0,0],[0,0],[0,0],[0,0],[0,17.275],[0,0],[0,0]],"o":[[0,0],[0,17.275],[0,0],[0,0],[0,0],[0,0],[0,0],[-23.04,0],[0,0],[0,0],[0,0]],"v":[[75.834,-36.581],[73.835,116.069],[66.114,152.348],[25.984,165.348],[25.984,58.979],[-26.976,61.98],[-26.976,183.348],[-74.116,198.348],[-101.835,164.069],[-102.835,-51.581],[0.004,-173.348]],"c":true}]},{"i":{"x":1,"y":1},"o":{"x":0.333,"y":0},"t":14,"s":[{"i":[[0,0],[0,0],[0.301,-19.947],[0,0],[0,0],[0,0],[0,0],[0,0],[0,17.275],[0,0],[0,0]],"o":[[0,0],[0,17.275],[0,0],[0,0],[0,0],[0,0],[0,0],[0.531,-24.947],[0,0],[0,0],[0,0]],"v":[[0.834,-57.581],[1.835,63.069],[1.114,157.348],[0.984,185.348],[0.984,61.979],[1.024,61.98],[1.024,183.348],[1.884,184.348],[1.165,156.069],[1.165,-59.581],[0.004,-173.348]],"c":true}]},{"i":{"x":0.667,"y":1},"o":{"x":0,"y":0},"t":18,"s":[{"i":[[0,0],[0,0],[-22.699,-10.947],[0,0],[0,0],[0,0],[0,0],[0,0],[0,17.275],[0,0],[0,0]],"o":[[0,0],[0,17.275],[0,0],[0,0],[0,0],[0,0],[0,0],[11.531,-0.947],[0,0],[0,0],[0,0]],"v":[[-103.166,-32.581],[-104.165,125.069],[-78.886,158.348],[-31.016,167.348],[-31.016,59.98],[37.024,64.979],[37.024,179.348],[105.884,194.348],[134.165,168.069],[135.165,-46.581],[0.004,-173.348]],"c":true}]},{"t":24.00000097754,"s":[{"i":[[0,0],[0,0],[-35.199,-7.296],[0,0],[0,0],[0,0],[0,0],[0,0],[0,17.275],[0,0],[0,0]],"o":[[0,0],[0,17.275],[0,0],[0,0],[0,0],[0,0],[0,0],[39.031,-2.296],[0,0],[0,0],[0,0]],"v":[[-161.331,-40.581],[-161.165,131.069],[-126.886,172.197],[-47.016,172.348],[-47.016,59.98],[47.025,59.979],[47.025,172.348],[123.884,172.197],[162.165,128.069],[162.831,-39.581],[0.004,-173.348]],"c":true}]}],"ix":2},"nm":"Path 1","mn":"ADBE Vector Shape - Group","hd":false},{"ty":"fl","c":{"a":0,"k":[0.23921568627450981,0.8588235294117647,0.5176470588235295,1],"ix":4},"o":{"a":0,"k":100,"ix":5},"r":1,"bm":0,"nm":"Fill 1","mn":"ADBE Vector Graphic - Fill","hd":false},{"ty":"tr","p":{"a":0,"k":[162.085,173.599],"ix":2},"a":{"a":0,"k":[0,0],"ix":1},"s":{"a":0,"k":[100,100],"ix":3},"r":{"a":0,"k":0,"ix":6},"o":{"a":0,"k":100,"ix":7},"sk":{"a":0,"k":0,"ix":4},"sa":{"a":0,"k":0,"ix":5},"nm":"Transform"}],"nm":"Group 1","np":2,"cix":2,"bm":0,"ix":2,"mn":"ADBE Vector Group","hd":false}],"ip":0,"op":30.0000012219251,"st":0,"bm":0},{"ddd":0,"ind":2,"ty":4,"nm":"home top/home-icon Outlines","sr":1,"ks":{"o":{"a":0,"k":100,"ix":11},"r":{"a":1,"k":[{"i":{"x":[0.667],"y":[1]},"o":{"x":[0.333],"y":[0]},"t":4,"s":[0]},{"i":{"x":[0.667],"y":[1]},"o":{"x":[0.333],"y":[0]},"t":12,"s":[0]},{"i":{"x":[0.667],"y":[1]},"o":{"x":[0.333],"y":[0]},"t":16,"s":[10]},{"i":{"x":[0.667],"y":[1]},"o":{"x":[0.333],"y":[0]},"t":20,"s":[-5]},{"t":24.00000097754,"s":[0]}],"ix":10},"p":{"a":1,"k":[{"i":{"x":0.667,"y":1},"o":{"x":0.333,"y":0},"t":0,"s":[300,188,0],"to":[0,-4.667,0],"ti":[0,14.333,0]},{"i":{"x":0.667,"y":1},"o":{"x":0.333,"y":0},"t":4,"s":[300,160,0],"to":[0,-14.333,0],"ti":[0,9.667,0]},{"i":{"x":0.667,"y":0.667},"o":{"x":0.333,"y":0.333},"t":12,"s":[300,102,0],"to":[0,0,0],"ti":[0,0,0]},{"i":{"x":0.667,"y":1},"o":{"x":0.333,"y":0},"t":16,"s":[300,102,0],"to":[0,14.333,0],"ti":[0,-14.333,0]},{"t":24.00000097754,"s":[300,188,0]}],"ix":2},"a":{"a":0,"k":[208.5,88,0],"ix":1},"s":{"a":0,"k":[80,80,100],"ix":6}},"ao":0,"shapes":[{"ty":"gr","it":[{"ind":0,"ty":"sh","ix":1,"ks":{"a":0,"k":{"i":[[0,0],[0,0]],"o":[[0,0],[0,0]],"v":[[98.173,75.511],[-98.173,-75.511]],"c":false},"ix":2},"nm":"Path 1","mn":"ADBE Vector Shape - Group","hd":false},{"ty":"st","c":{"a":0,"k":[0.23921568627450981,0.8588235294117647,0.5176470588235295,1],"ix":3},"o":{"a":0,"k":100,"ix":4},"w":{"a":1,"k":[{"i":{"x":[0.667],"y":[0.769]},"o":{"x":[0.333],"y":[0]},"t":4,"s":[24]},{"i":{"x":[0.667],"y":[1]},"o":{"x":[0.333],"y":[-0.648]},"t":14,"s":[10]},{"i":{"x":[0.667],"y":[1]},"o":{"x":[0.333],"y":[0]},"t":16,"s":[10]},{"t":24.00000097754,"s":[24]}],"ix":5},"lc":2,"lj":1,"ml":10,"bm":0,"nm":"Stroke 1","mn":"ADBE Vector Graphic - Stroke","hd":false},{"ty":"tr","p":{"a":0,"k":[306.52,87.512],"ix":2},"a":{"a":0,"k":[0,0],"ix":1},"s":{"a":0,"k":[100,100],"ix":3},"r":{"a":0,"k":0,"ix":6},"o":{"a":0,"k":100,"ix":7},"sk":{"a":0,"k":0,"ix":4},"sa":{"a":0,"k":0,"ix":5},"nm":"Transform"}],"nm":"Group 1","np":3,"cix":2,"bm":0,"ix":1,"mn":"ADBE Vector Group","hd":false},{"ty":"gr","it":[{"ind":0,"ty":"sh","ix":1,"ks":{"a":0,"k":{"i":[[0,0],[0,0]],"o":[[0,0],[0,0]],"v":[[98.174,-75.512],[-98.174,75.512]],"c":false},"ix":2},"nm":"Path 1","mn":"ADBE Vector Shape - Group","hd":false},{"ty":"st","c":{"a":0,"k":[0.23921568627450981,0.8588235294117647,0.5176470588235295,1],"ix":3},"o":{"a":0,"k":100,"ix":4},"w":{"a":1,"k":[{"i":{"x":[0.667],"y":[0.769]},"o":{"x":[0.333],"y":[0]},"t":4,"s":[24]},{"i":{"x":[0.667],"y":[1]},"o":{"x":[0.333],"y":[-0.648]},"t":14,"s":[10]},{"i":{"x":[0.667],"y":[1]},"o":{"x":[0.333],"y":[0]},"t":16,"s":[10]},{"t":24.00000097754,"s":[24]}],"ix":5},"lc":2,"lj":1,"ml":10,"bm":0,"nm":"Stroke 1","mn":"ADBE Vector Graphic - Stroke","hd":false},{"ty":"tr","p":{"a":0,"k":[110.173,87.512],"ix":2},"a":{"a":0,"k":[0,0],"ix":1},"s":{"a":0,"k":[100,100],"ix":3},"r":{"a":0,"k":0,"ix":6},"o":{"a":0,"k":100,"ix":7},"sk":{"a":0,"k":0,"ix":4},"sa":{"a":0,"k":0,"ix":5},"nm":"Transform"}],"nm":"Group 2","np":3,"cix":2,"bm":0,"ix":2,"mn":"ADBE Vector Group","hd":false}],"ip":0,"op":30.0000012219251,"st":0,"bm":0}],"markers":[]}